lemma,token
aacher,aacher
abbatissa,abbatissarum
abbas,abbatum
abbildung,abbildung
abdruck,abdruck
abhandlung,abhandlung
abhandlung,abhandlunge
abkurzung,abkürzunge
abregen,abrege
abschied,abschied
abschied,abschiede
abschied,abschieds
abschiedspuncte,abschiedspuncte
abschied,abschiedt
absolutus,absolutissmus
Abdruck,abtrückung
academiarum,academiarum
academica,academicae
academica,academicarum
academia,academiis
accuratissimus,accuratißime
accursius,accursius
acq,acq
acquierer,acquirenda
adagium,adagiorum
accesso,adcesserunt
additio,additiones
adolfus,adolfi
adr,adr
advenire,aduent
aegyptus,aegyptiorum
amt,aemter
aethiopicus,aethiopicam
aethiopicus,aethiopico
affectio,affectionum
afferre,afferentes
agonista,agonistico
anfang,ahnfang
Alemanni,alamannicarum
Alemanni,alamannicarum
alberti,alberti
albertus,albertus
alciati,alciati
Alkmaar,alcmariana
Alcoran,alcor
Alcoran,alcorans
Alcoran,alcoranus
alexandria,alexandrini
alle,alle
allegatio,allegationes
allerhand,allerhand
aloisia,aloisia
alphabetus,alphabeti
alrabia,alrabia
Alsatia,alsatiae
Alsatia,alsatiae
Alsatia,alsaticarum
alt,alte
aluarus,aluari
Americanus,americanorum
amharicae,amharicae
amharicae,amharico
amorfortiarum,amorfortiarum
Amos,amos
amplissimus,ampliss
Amsterdam,amstelodamensium
amtman,amtman
amt,amts
anagnosus,anagnosi
ananymi,ananymi
anatomia,anatome
anatomia,anatome
anatomia,anatomia
anatomia,anatomie
andrea,andreae
anecdota,anecdota
anecdota,anecdotorum
anfangen,angefange
Anglicanus,anglica
Anglicanus,anglicanae
Anglicanus,anglicarum
Anhalt,anhaltinorum
animaduertere,animaduersiones
animaduertere,animaduertendis
anleitung,anleitung
anmerckunge,anmerckunge
anmone,anmone
anmutig,anmuthige
annexa,annexa
annotatio,annotatio
annotatio,annotationes
annotatio,annotatis
ansoehnung,ansoehnung
ant,ant
antecessoris,antecessoris
anteil,antheils
anthropologicus,anthropologicum
antichristus,antichristi
antichristus,antichristus
antonio,antonio
antonium,antonium
Antwort,antworte
anweisung,anweisung
aot,aot
appendicum,apendiceo
apologeticus,apologeticus
apologia,apologie
apostillis,apostillis
apostolicus,apostolicam
apostolicus,apostolici
apostolicus,apostolische
apres,apres
arabice,arabice
arabismus,arabismus
aramaeae,aramaeae
arbeit,arbeit
archeio,archeio
archetypi,archetypi
archeueques,archeueques
archiantistes,archiantistitum
archidiaconatur,archidiaconatur
archidiaconus,archidiaconi
archiepiscopalis,archiepiscopalis
archiepiscopalis,archiepiscopatus
archiv,archiu
archius,archius
aretini,aretini
Argentoratus,argentoratenses
argument,argume
ariminensis,ariminensis
aristoteles,aristotelis
arnaud,arnaud
arnobium,arnobium
arnold,arnolds
arnono,arnono
arnotts,arnotts
arrestis,arrestis
art,art
arthritide,arthritide
artikel,artikel
astronomia,astronomiae
atlanticus,atlantica
atqe,atqe
attentare,attentatis
aud,aud
audomari,audomari
audomari_rebuffo,audomari_rebuffo
auenius,auenio
auf,auff
aufgericht,auffgericht
auf,auffs
aufheben,aufgehobene
aug,aug
augiae,augiae
augirt,augirte
augsburg,augsburg
augsburg,augspurg
augustanus,augustanae
augustinus,augustini
aulia,auliae
aurelia,aurelia
auriaco,auriaco
ausschreiben,auschreibe
ausführlich,ausfuehrliche
ausführlich,ausführliche
ausführung,ausführung
ausgefertiget,ausgefertiget
auslegung,auslegung
ausschreiben,ausschreib
ausschreiben,ausschreibe
auserlesen,ausserlesener
austregis,austregis
auswärtig,auswaertiges
auswärtig,auswärtiger
auszug,auszuge
authenticum,authent
author,author
authoritate,authoritate
author,autoris
autres,autres
aux,aux
auß,auß
babel,babel
bamberg,bambergische
bann,ban
bann forst,bannforste
bann,bannito
bann,banns
Papstum,bapstumb
baro,baroni
baro,baronii
barrum,barrum
bartolomaeus,bartolomaeo
batauia,batauae
bayern,bayer
bedenken,bedencke
begnadigung,begnadigunge
begriffen,begreifft
begriff,begriff
behaupten,behauptete
beten,beht
beklagt,beklagte
belangend,belangendt
belehrung,belehrung
belgicus,belgico
belustigung,belustigung
benachbart,benachbarte
bendorpii,bendorpii
bened,bened
benedictinus,benedictinae
benedictinus,benedictiner
benno,benno
bergensi,bergensi
bericht,bericht
bernardus,bernardi
bernhardus,bernhardi
bescheid,beschaydt
bescheid,bescheide
beschluss,beschlus
beschreibung,beschreibung
besonder,besonder
betreffend,betreffend
bei,bey
beigefugt,beygefügte
beitrage,beytra¨ge
beitrage,beyträge
biblia,bibel
biblia,bible
biblia,biblia
biblia,biblicae
biblia,biblicarum
biblia,biblicos
biblia,biblicum
biblia,biblicus
bibliophilia,bibliophilia
bibliothek,bibliotha
bifrons,bifrons
biß,biß
blancus,blanco
bodleiana,bodleianae
boerii,boerii
bohemia,bohemiae
bohemia,bohemicarum
bolognini,bolognini
bonifacii,bonifacii
bonifacii_de_uitalinis,bonifacii_de_uitalinis
bonifacius,bonifacio
bononiensis,bononiensis
brauchbar,brauchbare
braunschweig,braunschweig
britannia,britanniae
britannia,britannicae
britannia,britannicarum
brixiensis,brixiense
brocke,brocke
brun,brun
braunschweig,brunsuicensi
buch,buch
buchdruckerkun,buchdruckerkun
buchonia,buchonia
budaeidoct,budaeidoct
buergerlich,buergerliches
bull,bull
bulle,bulle
bund,bunds
bund oberst,bundsoberste
burdegalenses,burdegalenses
burgerschaft,burgerschaft
büssen,buss
büssen,buß
bußposau,bußposau
bücher,bücher
buchernachdruck,büchernachdruck
büchlein,büchlei
bürgerisch,bürgerische
burgersch,bürgersch
cabinet,cabinets
cabinetsthaler,cabinetsthaler
caceserani,caceserani
caepolla,caepolla
Caesar,caesarea
Caesar,caesarei
Caesar,caesarem
Caesar,caesareo
Caesar,caesareus
Caesar,caesaribus
Gaius,caii
Gaius,caius
caluinisme,caluinisme
cambialis,cambialis
cambium,cambiis
cameralis,camerale
cameralis,cameralem
cameralis,camerales
cameralis,cameralibus
cameralis,cameralis
cameralis,cameralium
camera,cameræ
cammer,cammer
cammer,cammeral
cammeralsache,cammeralsache
cammer gericht,cammergericht
cammer gericht,cammergerichts
cammer gericht ordnung,cammergerichtsordnung
campanus,campano
canon,canones
canonicus,canonici
canonicus,canonico
Kanzlei,cantzeley
capelle,capelle
capitulatio,capitulatio
capucium,capucium
capycio,capycio
cardinalis,cardinali
cardinalis,cardinalis
Carolus,carl
Carolus,carls
carmelitas,carmelitas
Carolus,caroli
Carolus,carolini
Carolus,carolo
Carolus,carols
Carpzov,carpzouiana
Carpzov,carpzouii
cartesii,cartesii
casaubono,casaubono
cassel,casselische
catechismus,catechismus
cathalonia,cathalonia
catholicus,catholi
catholiques,catholiques
catholische,catholische
catilinischer,catilinischer
catzenelnbogen,catzenelnbogische
cau,cau
cautelis,cautelarum
cautelis,cautelis
caßliche,caßliche
ccclxxii,ccclxxii
centuries,centuries
ceremonial,ceremoniale
ceremonium,ceremonie
chaeronensis,chaeronensis
changement,changement
chanoines,chanoines
charitas,charitate
charlemagne,charlemagne
chartarius,chartarii
chemnitio,chemnitio
chemnitiolyserianae,chemnitiolyserianae
china,china
chirotheca,chirothecarum
chirurgica,chirurgica
chretiennes,chretiennes
chri,chri
christus,christe
christenthumb,christenthumb
christus,christi
christianus,christianarum
christianus,christiani
christianus,christianis
christianus,christianorum
christina,christinae
christlich,christliche
christlich,christlicher
christus,christo
chronick,chronick
chronicon,chronicon
chronographica,chronographica
chronologia,chronologia
chronologia,chronologica
chronologia,chronologico
chronologia,chronologicum
chrysostomus,chrysostomus
chuchalo,chuchalo
chur,chur
churfuerstlich,churfuerstlich
kurfürstlich,churfürstliche
kurfürstlich,churfürstliche
kurfürstlich,churfürstliche
kurfürstlich,churfürstlicher
chwalkouii,chwalkouii
cicero,ciceronis
civilis,ciuil
civilis,ciuilib
claudius,claudii
clauis,clauium
clecher,clecher
clementina,clementinarum
clerge,clerge
clericus,clerico
clinicus,clinica
codex,cod
codex,codex
codex,codicum
codex,codicûm
coelum,coelum
coenobium,coenobio
collector,collectoribus
comitialia,comitialia
commentaria,commentara
commentariolus,commentariolus
commercien,commercie
commercien sache,commerciensache
commissaires,commissaires
commissarus,commissariis
complectere,complectentibus
concept,concept
concernentia,concernentia
conciliatio,conciliationes
concio,concionum
conclusio,conclusionum
concordatum,concordatorum
concordis,concordibus
confess,confess
confutatio,confutationes
coniectura,coniecturarum
connoissance,connoissance
connubium,connubiorum
consarcinare,consarcinate
consilium,consil
consistoralis,consistoralis
consistorial,consistorialis
constantiensis,constantiensis
continuatio,continuationibus
continuirt,continuirte
contracte,contracte
contre,contre
controuersa,controuersarum
controuerse,controuerse
contumacialis,contumacialis
conuentionalis,conuentionali
convivalis,conuiuales
copeylicher,copeylicher
cornelius,cornel
cornelius,cornelii
coeln,co¨l
kreis,creys
kreis verfassung,creysuerfassung
criminalis,crimilaium
criminalis,criminal
criminalis,criminale
criminalis,criminalem
criminalis,criminales
criminalis,criminalia
criminalis,criminalis
criminalis,criminalium
criticus,criti
criticus,criticae
criticus,criticorum
croisades,croisades
crow,crow
kurwürde,curwürde
allegmagne,dallegmagne
danius,daniae
darmstadt,darmstadt
casselisch,dasselische
dauidis,dauidis
dccclxxxi,dccclxxxi
dccxliu,dccxliu
decas,decade
decas,decadem
decadence,decadence
decas,decades
decinum,decinum
decisio,decisionum
decretales,decretales
decretales,decretalium
defense,defense
delineatio,delineatio
deliurance,deliurance
delphinatus,delphinatus
denkwurdig,denckwürdige
dendrologia,dendrologia
dendrologia,dendrologiae
depictus,depictae
determinare,determinantur
euchariste,deuchariste
eudoxe,deudoxe
deutsch,deutsch
deutsch,deutsche
deutschland,deutschland
deutschmanns,deutschmanns
deux,deux
dess,deß
diabete,diabete
diarius,diarii
diateticus,diatetico
diatriba,diatribe
dictionnaire,dictionnaire
didacticus,didactica
didacticus,didacticus
diesselbige,dieselbige
diexodo,diexodo
diffamare,diffamari
differents,differents
diffinitiones,diffinitiones
digestum,dig
diligentiis,diligentiis
diocesis,diocesis
diocesis,dioecesis
diplomaticus,diplomatica
diplomaticus,diplomaticus
diplomatik,diplomatik
diplomaticus,diplomatum
discours,discours
discussio,discussio
discussio,discussiones
disquisitio,disquisitionum
dissertatio,diss
occident,doccident
doctrine,doctrine
domains,domains
dominicalia,dominicalia
dont,dont
door,door
dosnabrug,dosnabrug
dr,dr
dreissig,dreissig
drei,drey
dreyeich,dreyeich
durchleuchtig,durchleuchtige
details,détails
ecclesiastes,ecclesiastes
ecclesiasticus,ecclesiasticae
ecclesiasticus,ecclesiasticarum
ecclesiasticus,ecclesiastici
ecclesiasticus,ecclesiasticis
ecclesiasticus,ecclesiasticis
ecclesiasticus,ecclesiasticis
ecclesiasticus,ecclesiasticorum
ecclesiasticus,ecclesiasticum
ecclesiasticus,ecclesiæ
edbenintendi,edbenintendi
egidio,egidio
egmundanum,egmundanum
ehe,ehe
ehe gericht,ehegerichts
ehemalig,ehemalige
eherstl,eherstl
ehrsam,ehrsame
eich,eich
eigentlicher,eigentlicher
einbeckisch,einbeckische
einfuehren,eingeführte
einkuenft,einkünfte
einleitung,einleitung
elbert,elbert
elector,electoralia
elector,electoralib
elector,electoris
element,element
element,elemente
elsassisch,elsassisch
emendatio,emendationibus
emphyteuticus,emphyteutici
emphyteuticus,emphyteutico
enantiophano,enantiophano
enarratio,enarrationes
enchiridion,enchiridio
encomium,encomium
end,end
englebermaei,englebermaei
enthalten,enthaelt
enthalten,enthaltend
entretiens,entretiens
entscheidung,entscheidunge
enucleare,enucleatissimæ
ephemeris,ephemerides
ephemeris,ephemeridum
ephemeris,ephemeridum
epidictica,epidictica
epimenides,epimenides
epinikion,epinikio
episcopatus,episopatu
epistola,epistel
epistola,epistole
epistolica,epistolica
epistolicus,epistolicum
epitome,epitomes
erachtet,erachtete
erb,erb
erb hof amt,erbhofaemter
erbor,erbor
erdbeschreibung,erdbeschreibung
erde,erde
erfindung,erfindung
ergehen,ergangene
erkenntnis,erkantnuß
erklaerung,erklaerung
erquicken,erkwick
erkwickstunde,erkwickstunde
erlaeuterung,erläuterung
erneuert,erneuerte
erneuert,erneuerter
erneuert,erneuertes
erneuert,erneuwerte
erneuert,ernewerte
ernsthaffter,ernsthaffter
erotemata,erotemata
erse,erse
erzbischof,ertzbischoue
Eryth,eryth
erzähhlung,erzehlunge
Esaia,esaiam
ethnicus,ethnicorum
etliche,etliche
euangelisch,euangelische
euangelisch,euangelisches
euangelistus,euangelistarum
euangelistus,euangelistas
euangelium,euangelium
euangelistus,euangl
eucharistica,eucharistica
eueques,eueques
europa,europ
europa,europa
europa,europae
europa,europaearum
europa,europaei
europa,europaeische
europa,europaeum
europa,europa¨ische
europa,europäische
europa,europäischer
Euxinus,euxi
exact,exacte
exame,exame
excommunicationis,excommunicationis
executio,executionis
executio,executions
executiv,executiui
exegeseos,exegeseos
exegetica,exegetica
exodus,exodum
exodus,exodus
exoticus,exoticorum
expurgare,expurgandorum
existere,extant
extraiudicialis,extraiudicialis
extraordinaire,extraordinaire
ezechiel,ezechielem
facultas,faculta¨te
faite,faite
familie,familie
familie staatsrecht,familienstaatsrecht
fancicum,fancicum
felericis,felericis
fenins,fenins
ferdinand,ferdinand
ferrariensis,ferrariensis
ferratio,ferratio
ferrendar,ferrendar
feudalis,feudales
feudalis,feudalia
feudum,feudalibus
feudalis,feudalis
feudalis,feudalium
feudum,feudi
feudum,feudis
feudum,feudorum
feuerwerk,feuerwerck
feuerzeug,fewerzeugk
ff,ff
fichard,fichardi
fichard,fichardo
figures,figures
fixus,fixarum
flandriae,flandriae
florentinus,florentinae
florentinus,florentinus
florilegium,florilegium
elsassisch,flsassische
fonctions,fonctions
forestalis,forestalis
formular,formular
formular buch,formularbuch
formular,formulæ
forst,forste
forst,forstlicher
foy,foy
frage,frage
fragisch,fragische
franc,franc
france,france
france,france
france,france
france,france
franc,francicae
francisco,francisco
franc,francke
Frankfurt,franckfurt
Frankfurt,franckfurtische
Frankfurt,francofortense
Frankfurt,francofurdiense
Frankfurt,francofurtensis
francus,francorum
francos,francos
franc,franke
Frankfurt,frankfurt
Frankfurt,frankfurtisches
frankreich,frankreich
franzoesisch,französische
freclebe,freclebe
freiburg,freiburg
frei,frey
freiburg,freyburg
frei,freye
freiheit,freyheite
frieden,fridens
fridenszeite,fridenszeite
fridere,fridere
fridericus,friderici
fridericus,fridericiana
fridericus,fridericiano
friedberg,friedberg
frieden,friedens
friedensexecutionshandlung,friedensexecutionshandlunge
friedenshandlung,friedenshandlunge
frirdres,frirdres
frontinus,frontini
fuerstenthumb,fuerstenthumb
fuerstlich,fuerstlich
fugere,fugiendarum
fuldensis,fuldensem
fuldenses,fuldenses
fuldensis,fuldensis
fuldensis,fuldensium
fuldensis,fuldischer
fundationis,fundationis
furstenberg,furstenbergiana
fuenfte,fünffte
fürst,fürste
fürstlich,fürstlich
fürstlich,fürstliche
fürstlich,fürstliche
fürtrefflich,fürtreffliche
galeni,galeni
gallia,gallia
gallia,galliarum
gallier,gallier
gambilio,gambilionibus
gandino,gandino
ganz,gantz
ganz,gantze
gebiete,gebiete
gebrueder,gebrueder
geburt,geburt
gebürg,gebürg
geaendert,geendert
gefaehrlich,gefaehrlicher
gegenbericht,gegenbericht
gegenteil,gegentheil
gegruendet,gegruendete
gehalten,gehaltene
gehalten,gehaltener
gehandelt,gehandelt
geheim,geheim
geistlich,geistliche
geistlich,geistlicher
gelegen,gelege
gelegen,gelegene
gemein,gemeine
gemein,gemeiner
genannt,genannte
genealogicus,genealogica
genealogicus,genealogicae
genealogicus,genealogicarum
genealogicus,genealogico
genealogicohistorica,genealogicohistorica
genereuses,genereuses
genommen,genomme
gentilshommes,gentilshommes
genuensis,genuensis
geographia,geographiae
geographia,geographica
geographia,geographica
geographia,geographica
geographia,geographicam
geographia,geographicum
geopent,geopent
georg,georg
georg,georgii
gerechtigkeit,gerechtigkeit
gerechtigkeit,gerechtigkeite
gerechtsam,gerechtsame
gericht,gericht
gerichtlich,gerichtliche
gerichtlich,gerichtlicher
gericht,gerichts
gerichtsbarkeit,gerichtsbarkeit
gerichtsordnung,gerichtsordnung
germa,germa
germania,germania
germania,germaniae
germania,germaniam
germanicus,germanica
germanicus,germanicae
germanicus,germanicarum
germanicus,germanici
germanicus,germanico
germanicus,germanicorum
germanicus,germanicum
germanicus,germanicus
gesammelt,gesammlete
geschicht,geschicht
geschichtbuch,geschichtbuch
geschichte,geschichte
geschichte,geschichts
geschichtserzaehlung,geschichtserzehlunge
geschichtsregister,geschichtsregister
geschlecht,geschlechts
geschlecht register,geschlechtsregister
geschäft,geschäffte
geschütz,geschütz
geschütz feuerwerck,geschützfeuerwerck
gesetz buch,gesetzbuch
gesetz,gesetze
gespräch,gespräche
gestellt,gestellt
getreffe,getreffe
gewohnheit,gewohnheite
gistman,gistman
glied,glieder
glocke,glokke
glossa,glossa
glossarium,glossarium
glossator,glossatoris
glossa,glossatum
glossa,glossis
glossopetris,glossopetris
gnade,gnade
gnade sache,gnadensache
gnade schatz,gnadenschatz
golden,golde
gold,goldes
gothana,gothana
gothicus,gothici
gothicus,gothicus
gothofredi,gothofredi
gottfried,gottfried
gottlieb,gottlieb
graecus,graeca
graecus,graecae
graecus,graecae
graecus,graecae
graecus,graecae
graecus,graecae
graecus,graecarum
graecus,graece
graecus,graeci
graecus,graeci
graecus,graeciae
graecus,graeciae
graecus,graecis
graecus,graecorum
Graff,grafe
Graffschaft,grafschafte
gram,gram
grand,grand
gratianus,gratiani
grauamina,grauamina
grecs,grecs
greek,greek
greg,greg
gregoire,gregoire
greste,greste
grille,grille
grossherzoglich,grossherzogl
grund,grund
grundfeste,grundfeste
grundgesetze,grundgesetze
grundsatz,grundsätze
gründlich,grundtliche
gräfflich,gräfflich
gründlich,gründliche
gründlich,gründlicher
gründlich,gründtlicher
gualtensis,gualtense
gudii,gudii
guelde,guelde
guerres,guerres
gut,gueter
guillielmi,guillielmi
gulden,guldene
guntherus,gunthero
gus,gus
gutachte,gutachte
göttlich,göttliche
golden,gülde
gut,güter
habits,habits
Habsburg,habsburgicae
haeresis,haeresibus
halberstadt,halberstadt
hals,hals
halßgerichtßordnung,halßgerichtßordnung
hamisah,hamisah
hanau,hanau
hanau,hanauische
handbuch,handbuch
handel,handels
handelsstadt,handelsstadt
handlung,handlunge
hanoverisch,hanouerische
hanau,hanouiensium
hanseaticis,hanseaticis
haupt,haupt
hauptarticul,hauptarticul
haupt register,hauptregister
hausbuch,hausbuch
hebraeus,hebraea
hebraeus,hebraeae
hebraeus,hebraeo
hebraeus,hebraeo
hebraeus,hebraeorum
hebraeus,hebraeos
hebraeus,hebraica
hebraeus,hebraico
heidelberg,heidelberg
heilig,heil
heilig,heilige
hellenistica,hellenistica
heluetia,heluetia
hennebergisch,hennebergische
henricus,henrici
henricus,henricum
henricus,henricus
heraldicus,heraldici
herculis,herculis
hereditas,hered
herr,hern
herodotus,herodoti
heroicus,heroicarum
herr,herr
herr,herre
herrschaft,herrschaft
herzog,herzog
hesse,hess
hesse,hesse
Hesse-Cassel,hessencasselische
Hesse-Darmstadt,hessendarmstadt
hesse,hessische
hesse,hessisches
heilig,heyl
heilig,heylige
heilig,heyls
hierarchia,hierarchia
hierarchia,hierarchicae
hiermische,hiermische
hieroglyphica,hieroglyphica
hieronymus,hieronymi
hildensheim,hildensheim
hildesheim,hildesheim
hirsaugiensis,hirsaugiensis
hispania,hispania
hispanicus,hispanicus
histoire,histoire
historia,historae
historia,histori
historia,historie
historia,historisch
historia,historische
historischer,historischer
hochgeborn,hochgeborne
hochloblich,hochlöbliche
hochzeitsglückwunsch,hochzeitsglückwunsch
hodegeta,hodegeta
hodegeta,hodegeticum
höchst,hoechste
hof,hof
hof,hoff
hof gericht,hoffgerichts
hof gericht,hofgerichts
hoh,hoh
holzhausen,holzhusiorum
homagium,homagio
homiliae,homiliae
horticultura,horticultura
huis,huis
humse,humse
hundert,hundert
hundsbisse,hundsbisse
hungaria,hungaria
hungaria,hungaricae
hungaria,hungaricarum
hungaria,hungaricarum
Hungaria,hungaricis
hypnologia,hypnologia
hypochondriacae,hypochondriacae
hystericae,hystericae
ia,ia
iacob,iacob
iacob,iacobs
iacobs schatz,iacobsschatz
jahr,iahr
ibid,ibid
ic,ic
ichoribus,ichoribus
iconoclastes,iconoclastes
ictorum,ictorum
ideam,ideam
iephtae,iephtae
ieremiam,ieremiam
ierusalem,ierusalem
iesus,iesu
iesus,iesus
iesus,iesus
iesus,iesuschri
iii,iii
illustratio,illustrantia
illustratio,illustrata
illustratio,illustratae
illustratio,illustrationes
illustratio,illustratum
illustrius,illustriarum
illustrius,illustrissimorum
imgleich,imgleiche
immunitete,immunitete
imperium,imp
imperalis,imperalis
impetrandis,impltrandis
impressorum,impressorum
incarnatio,incarnatio
index,index
ineditus,ineditis
ineditus,ineditorum
ineditus,ineditum
infimæ,infimæ
informatorium,informatorium
infortiatum,infortiat
infortiatum,infortiati
inge,inge
inne,inne
innouatus,innouatis
insbesondere,insbesondere
insubricae,insubricae
insuper,insup
intitulez,intitulez
iohannis,ioa
iohannis,ioanne
iohannis,ioannis
Job,iobum
iohannis,ioh
iohannis,ioha
iohannis,iohan
iohannis,iohannem
iohannis,iohannis
ionstoni,ionstoni
journal,iournal
ir,ir
isaacus,isaaco
italia,italia
italia,italiae
italia,italici
itinerarius,itinerarii
IV,iu
iuculentus,iuculentus
iudaeus,iudaeos
iudaeus,iudaica
iudaeus,iudaica
iudaeus,iudaicae
iudaeus,iude
iudenpredigte,iudenpredigte
iudaeus,iudiciaram
iudiciarius,iudiciarius
iugurtischem,iugurtischem
iulius,iulii
iurisconsultus,iureconsi
iuridicus,iurid
iuridicus,iuridia
iuridicus,iuridica
iuridicus,iuridicae
iuridicus,iuridicorum
iurisconsultus,iuriscons
iurisconsultus,iurisconsi
iurisprudentia,iurisprudentia
iurisprudentia,iurisprudentiae
iurist,iuriste
iustifiee,iustifiee
justinianus,iustiniana
justinianus,iustinianeas
justinianus,iustinianei
justinianus,iustinianeum
justinianus,iustiniani
justinianus,iustinianus
iustiz,iustiz
iustiz sache,iustizsache
iustiz uerfassung,iustizuerfassung
iüdisch,iüdisch
iüdisch teutsch,iüdischteutsche
kaiser,kaiser
kaiser,kaiserliche
kanzlei,kanzlei
kay,kay
kaiser,kays
kaiser,kayser
kaiser,kayserl
kaiser,kayserlich
kaiser,kayserliche
kaiser,kaysers
kedd,kedd
keddische,keddische
kenntnis,kenntnis
kenntnis,kenntniss
kern,ker
kett,kett
ketzer,ketzer
ketzerhistorie,ketzerhistorie
kaiser,keyser
kaiser,keyserliche
kiiouienses,kiiouienses
kirche,kirche
kirchenordnung,kirchenordnung
kirchenpostill,kirchenpostill
kirchenrecht,kirchenrecht
kirchenstats,kirchenstats
kircherianum,kircherianum
kirche,kirchke
klaeger,kla¨ger
Kloster,kloester
Kloster,klöster
könig,koenig
koheleth,koheleth
könig,ko¨nigliche
kraft,kraft
kraftker,kraftker
kreutterbuch,kreutterbuch
krieg,krieg
Krieg,kriegs
kriegsarbeit,kriegsarbeit
kriegshändel,kriegshändel
kriegskun,kriegskun
kurfürst,kuerfuerste
kurz,kuerzer
kun,kun
kurfürst,kurfürste
kurtz,kurtz
kurz,kurtze
kaiser,käiser
könig,könig
könig,königl
könig,königliche
könne,könne
la,la
ambassadeur,lambassadeur
land,land
land beschreibung,landbescriebung
land,lande
land,lander
land,landes
land beschreibung,landesbeschreibung
land herr,landesherrliche
land hoheit,landeshoheit
land fried,landfriede
land graf,landgraf
land graf,landgrafe
land graf,landgraffe
land graf,landgraffschaft
land graf,landgraft
land graf,landgrau
landesordnung,landordnung
landrecht,landrecht
landsaessig,landsaessige
landsiedel,landsiedel
landstaende,landstaende
landgraf,landtgraffe
land,landts
anne,lanne
arianisme,larianisme
assemblee,lassemblee
latein,lateinischer
lateranensi,lateranensi
latinus,latini
latinus,latinis
latinus,latinum
le,le
lebe,lebe
legend,legend
eglise,leglise
lehen,leh
lehen,lehens
lehen uerfassung,lehensuerfassung
lehn hof,lehnhof
lehn recht,lehnrecht
lehre,lehre
lehrgebäude,lehrgebäude
leichpredigt,leichpredigt
leichpredigt,leichpredigte
leichpredigt,leichpredigte
leichteste,leichteste
empire,lempire
leonini,leonini
les,les
esprit,lesprit
etablissement,letablissement
lethalium,lethalium
lettere,lettere
lettre,lettre
leuaminum,leuaminum
eucharistie,leucharistie
leuckfeldi,leuckfeldi
Leviticus,leuiticum
Leviticus,leuiticus
lexicon,lexici
lexicon,lexico
leyhe,leyhe
heresie,lheresie
histoire,lhistoire
liber,libr
liebe,liebe
lig,lig
lindau,lindau
lipsicus,lipsicus
literaria,literaria
literaria,literariis
literaria,literario
littera,literas
litterales,litterales
iure,liure
löblich,lobliche
locuples,locupletissimis
locuples,locupletissimo
locuples,locupletissimus
lomeilles,lomeilles
louis,louis
ouuerture,louuerture
lubeck,lubecense
luca,lucam
ludouicus,ludouici
ludouicus,ludouico
ludwig,ludwig
ludwig,ludwige
lugdunensis,lugdunensis
lugdunensis,lugduno
luneburgica,luneburgensibus
luneburgica,luneburgicae
luste,luste
lustiger,lustiger
luther,luther
lutheranus,lutheranarum
lutheranisme,lutheranisme
lutheranismo,lutheranismo
luther,lutheri
luther,lutherus
lxui,lxui
lyserianae,lyserianae
löblich,löbliche
löwensteinischer,löwensteinischer
marburg,maburgische
magdalena,magdalena
magdeburg,magdeburg
magdeburg,magdeburgische
mahometicus,mahometicus
maiestas,maiestat
maiestas,maiestatt
maiestas,maiestetae
mainz,mainz
malta,malta
manife,manife
manumissio,manumiss
manuscript,manuscript
manuscript,manuscriptorum
manutentio,manutentione
marchia,marchiae
margarethe,margarethe
mariae,mariae
marianisch,marianisch
marianisch teutsch,marianischteutsche
mark,mark
markgraf,markgräfi
marburg,marpurgische
marquardi,marquardi
martinus,martini
materium,materium
mathesilani,mathesilani
matrimonialia,matrimonialia
matrimonialia,matrimonialium
Matthaeus,matthaei
Matthaeus,matthaeo
Matthaeus,matthaeum
maurus,mauri
maurus,mauros
mausoleum,mausoleum
maxi,maxi
maximè,maximè
may,may
mainz,mayntz
mainz,mayntzische
mccc,mccc
md,md
mdlu,mdlu
medailles,medailles
medicinisch,medicinische
medicochirurgica,medicochirurgica
mediolanensis,mediolanensis
mediæ,mediæ
megapolitanorum,megapolitanorum
mehr,mehrere
memorial,memorialibus
mercantilibus,mercantilibus
merycologia,merycologia
messeigneurs,messeigneurs
methodes,methodes
methodicus,methodica
methodus,methodus
mg,mg
microcosmos,microcosmi
militaer,militaer
militaersache,militaersache
militaires,militaires
mintzenburg,mintzenburg
mirandulae,mirandulae
miscellanearum,miscellanearum
misenensis,misenensis
mithridatio,mithridatio
mittelbar,mittelbar
mnemonicus,mnemonicum
moabites,moabiti
moabites,moabitis
modernus,moderni
modernus,moderno
modernus,modernorum
mainz,moguntiaca
mainz,moguntiacarum
mainz,moguntiae
mainz,moguntina
mainz,moguntini
mohamedis,mohamedis
monachus,monacho
monasterium,monasterii
monasteriologia,monasteriologia
monasteriorum,monasteriorum
monat,monats
monat gespräch,monatsgespräche
monialium,monialium
monum,monum
morhofi,morhofi
moritz,moritze
moschi,moschi
moscouiticus,moscouiticarum
moses,moses
mr,mr
mrs,mrs
mt,mt
mumiae,mumiae
munster,munster
musaeum,musaeum
mutter,mutter
mystagoga,mystagoga
mythologia,mythologiae
mainz,mäyntzische
münz,münz
münz belustigung,münzbelustigung
münz wissenschaft,münzwissenschaft
nachbarlich,nachbarliches
nassau,nassau
nassau,nassouia
naxera,naxera
neapolitanus,neapolitanae
neapolitanus,neapolitani
neben,neb
nebenstunde,nebenstunde
nec non,necno
negotiations,negotiations
neomagenses,neomagenses
neuaugirte,neuaugirte
neu,neues
neu,neueste
neu,neus
neu,newe
niceni,niceni
nichtige,nichtige
nicol,nicol
niederlegung,niederlegung
nitor,nitori
nomocano,nomocano
nordisch,nordisch
notita,notita
nou,nou
nouet,nouet
nonnulla,noñulla
nullitatibus,nullitatibus
numaria,numaria
numisma,numismatum
nécessaire,nécessaire
noetig,nöthig
nürnberg,nürmberg
nürnberg,nürnbergische
nützlich,nützlich
nützlich erachtet,nützlicherachtete
ober,ober
oberbayer,oberbayer
oberherrlich,oberherrlich
obserst,oberste
obseruatio,obseruatio
obseruatio,obseruationes
obseruatio,obseruationibus
obseruatio,obseruationum
ocaeres,ocaeres
occidentalis,occidentalium
odhelii,odhelii
offenbahrung,offenbahrung
officiers,officiers
officinalis,officinalis
onomastico,onomastico
opitii,opitii
orde,orde
orden,ordens
ordnung,ordnunge
ordnung,ordung
ordnung,ordunge
organization,organizatio
original,original
original,originalia
orthodoxia,orthodoxia
ort,orts
ortsgebürg,ortsgebürg
osnabrugensi,osnabrugensi
osnabrugensis,osnabrugensis
ostendum,ostendum
others,others
ouina,ouina
oxoniensis,oxoniensi
oxoniensis,oxoniensia
oxoniensis,oxoniensis
paix,paix
palaeologus,palaeologi
palatina,palatina
palatina,palatinae
palatina,palatini
palatina,palatino
palatina,palatinum
pamer,pamer
pandectae,pandect
pandectae,pandectae
pandectae,pandectas
pandectae,pandecte
pandectae,pandectæ
pannonia,pannonia
pannonia,pannoniae
pannonia,pannonica
papa,papa
papa,papalis
papa,papam
papa,papatus
Papebrochianus,papebrochiana
papa,papista
paraenetica,paraenetica
paratitla,paratitla
parisiensis,parisienses
parthenius,parthenius
passagiis,passagiis
patauino,patauino
pathologia,pathologia
patriarchium,patriarchio
pausanias,pausaniae
pedemontanus,pedemontanae
pedemontanus,pedemontani
peinlich,peinlich
peinlich,peinliche
penitentialis,penitentiales
pere,pere
persecutor,perfecutorum
peribologia,peribologia
periocunda,periocunda
peripateticus,peripateticae
perpetuite,perpetuite
perrino,perrino
persequi,persecutorum
persia,persicarum
persoenlich,persoenliches
persona,persone
perspicillum,perspicillum
perusina,perusinarum
pestilentialis,pestilentiale
petrus,petr
petrus,petri
pfalz,pfaltz
pfalzgraf,pfaltzgraue
pfalz,pfalz
pflichte,pflichte
pharmaceuticus,pharmaceutica
pharmacopoea,pharmacopoea
phasis,phasis
philadelphica,philadelphica
philipp,philippi
philipp,philipps
philologicus,philologica
philologicus,philologicae
philologicus,philologicum
photius,photii
piccolomini,piccolominei
pietisticus,pietiste
pietisticus,pietistica
pileo,pileo
plato,platonis
platyne,platyne
platz,platz
plenus,plenissimu
plinius,plinianae
plutarchus,plutarchi
points,points
polizei,policey
politiano,politiano
politicus,politica
politicus,politicum
politische,politische
politischer,politischer
polizei,polizey
polizeyordnung,polizeyordnung
polizeysache,polizeysache
polonia,polnisch
polonia,polonia
polonia,poloniae
polonia,poloniarum
polonia,polonicis
polonia,polonicus
polybius,polybii
polyhistor,polyhistor
polymnemo,polymnemo
pontificat,pontificat
pontificiae,pontificiae
pontificum,pontificu
posau,posau
postilla,postill
postilla,postilla
postilla,postillae
postregal,postregals
potenze,potenze
pour,pour
practicus,practica
practicus,practicae
practicus,practicam
practicus,practicant
practicus,practicarum
practicus,practicis
practicus,practicum
practicus,practicus
praecatio,praecationes
praecipuus,praecipuorum
praeeminentia,praeeminentia
praelatus,praelatorum
praelectio,praelectiones
praenobilis,praenobilem
praerogatiue,praerogatiue
praeseruatio,praeseruatione
praktische,praktische
praxeos,praxeos
praxis,praxi
praxis,praxim
praxis,praxis
predigt,predigens
predigt,prediger
predigt,predigte
breisgau,preißgow
prerogatiues,prerogatiues
presche,presche
presence,presence
preseruatif,preseruatif
preterea,preterea
Preussen,preusische
Preussen,preussische
Breisgau,preyßgaw
primogenitura,primogeniturae
primùm,primùm
principalement,principalement
principaux,principaux
priuatrecht,priuatrecht
priuilegie,priuilegie
problematicus,problematicum
process,process
procez,procez
prodromus,prodromus
prohibitorum,prohibitorum
prolium,prolium
prophylaxis,prophylaxis
proposees,proposees
protestans,protestans
protestante,protestante
preussen,prussiae
preussen,prussiae
prüfung,prüfung
punctatus,punctata
punct,puncte
pyrrhi,pyrrhi
pythagoricus,pythagorica
quamplurimis,quamplurimis
quamplurimorum,quamplurimorum
quator,quator
quator,quator
quatre,quatre
quelques,quelques
quietistus,quietistarum
quodam modo,quodammodo
quotidianus,quotidia
quotquot,quotquot
rabbinismus,rabbinismus
raimundo,raimundo
raphaellis,raphaellis
rat,rath
rat,raths
ratisbon,ratisbonensia
rat,rats
reale,reale
realis,realis
audomari_rebuffo,rebuffo
respublica,rebuspublicis
recensir,recensir
receptarum,receptarum
recessus,receßibus
Reichshofrat,rechshofrath
rechtlich,rechtliche
rechtlich,rechtlicher
Recht,rechts
rechtsfall,rechtsfälle
recognitus,recognitae
recognitus,recogniti
recognitus,recognitus
red,red
rediuiuus,rediuiuus
refluxus,refluxu
reformatio,reformandi
reformatio,reformantionis
reformatio,reformatio
reformatio,reformirte
regal,regalie
regal,regals
regensburg,regensburg
regensburg,regenspurgische
regiement,regiement
regierung,regierungs
regierung blatt,regierungsblatt
regierung recht,regierungsrechte
regierung sache,regierungssache
regiments,regiments
register,register
reguliers,reguliers
reich,reiche
reich,reichs
reich abschied,reichsabschiede
reich archiv,reichsarchiu
reich archiv,reichsarchius
reich cammergericht,reichscammergerichtliche
reich fama,reichsfama
reich frei unmittelbar,reichsfreyunmittelbare
reich fürst,reichsfürstlich
reich fürst land herr,reichsfürstlichlandesherrliche
reich glieder,reichsglieder
reich lehen,reichslehenbare
reich process,reichsprocess
reich rechtswege,reichsrechtswege
reich ritterschaft,reichsritterschaft
reich satzung,reichssatzunge
reich schluesse,reichsschlüsse
reich stadt,reichsstadt
reich stand,reichsstaedtische
reich stand,reichsstaende
reich stand,reichsstaendische
reich stand,reichsstande
reich staat,reichsstatt
reich tag,reichstag
reich tag,reichstage
reich tag,reichstags
reich tag geschäft,reichstagsgeschäffte
reich tag handlung,reichstagshandlunge
reich uicarius,reichsuicarie
reich tag,reichsztaeg
reich tag,reichsztäg
reich tag,reichßtag
reinhardus,reinhardi
respublica,reipublicae
religion,religions
religion uerfassung,religionsuerfassung
remarques,remarques
renum,renum
renunciatio,renunciatio
repetitio,repetitiones
reponse,reponse
repurg,repurg
repurgare,repurgatum
rescript,rescript
rescript,rescripte
resolutio,resolutionum
respondere,respondorum
response,responses
respublica,respublica
reuerendus,reuerendissimi
reuidirt,reuidirte
reuisus,reuisae
reuisio,reuisio
rhein,rhei
rhythmus,rhythmus
reich,richs
ritter,ritter
ritterlich,ritterliche
ritterorden,ritterorde
ritterschaft,ritterschafft
ritterschaft,ritterschaft
roma,roem
roma,roemische
roma,roma
romaine,romaine
roma,romana
roma,romanae
romanus,romanarum
romanus,romanarum
roma,romani
romanus,romanis
romanus,romano
roma,romanorum
romanus,romanus
romanus,romanus
roma,romanæ
roma,rome
roma,romische
rosencrantz,rosencrantzes
rottirung,rottirung
rottweil,rottweil
roy,roy
rs,rs
rulandt,rulandt
rutgeri,rutgeri
Ruth,ruth
ryssel,ryssel
roma,rö
roma,röm
roma,römer
roma,römisch
roma,römische
rübenzahl,rübenzahl
sache,sache
sacrement,sacrement
saettigkeit,saettigkeit
saetzung,saetzunge
saint,saint
sainte,sainte
salernitano,salernitano
salica,salica
salomo,salomo
sammlung,samlung
sammlung,sammlung
sammt,sampt
Samuel,samuelis
sanctus,sanctiss
saponisi,saponisi
satzung,satzunge
saxonia,saxoniae
saxonicus,saxonicae
saxonicus,saxonicam
saxonicus,saxonicarum
saxonicus,saxonico
saxonicus,saxonum
schatz,schatz
schau,schau
schau platz,schauplatz
schisme,schisme
schlaf,schlaf
schlessisch,schlesische
schlessisch,schleßische
schluss,schluß
schluss,schlüsse
schlüssel,schlüssel
schmalkaldische,schmalkaldische
schmidtslaug,schmidslaug
schmidt,schmidt
schmidtslaug,schmidtslaug
scholium,scholiis
schonburg,schonburg
schreibart,schreibart
schreibkammer,schreibkammer
schrift,schrifft
schrift,schrift
schrift,schrifte
schriftliche,schriftliche
schriftsam,schriftsam
Schroeder,schroederiana
schuldwese,schuldwese
schullehrer,schullehrer
schuman,schuman
schwartzburg,schwartzburg
sclopetorum,sclopetorum
scrutinium,scrutinium
sechzig,sechzig
secrètes,secrètes
secundus,secund
seel,seel
selecta,selecta
selectissimus,selectissimarum
selectissimus,selectissimis
selectus,selectus
semestrium,semestrium
semicenturia,semicenturia
senckenbergiana,senckenbergiana
sendschreibe,sendschreibe
senensis,senensis
sentiment,sentiment
sepulchorum,sepulchorum
gerechtsame,serechtsame
serenissimum,serenissimum
ses,ses
sexagintae,sexagintae
sigea,sigea
signifactio,signifactione
silbers,silbers
socinus,socinorum
solemnis,solemnia
solemnis,solemnis
solemnis,solennibus
soliloquia,soliloquia
solms,solms
solms,solmsische
sophicus,sophicus
spasmodica,spasmodica
speyer,speyer
sphinx,sphinx
spicilegia,spicilegia
spiera,spiera
spiritualia,spiritualia
spo,spo
Sprache,spraach
sprache,sprach
sr,sr
sri,sri
staats,staats
staatsbetrachtunge,staatsbetrachtunge
Staatskanzlei,staatscanzley
staatsclecher,staatsclecher
staatsconsilia,staatsconsilia
Staatskanzlei,staatskanzley
staatsrecht,staatsrecht
staatsuerfassung,staatsuerfassung
stadt,stadt
stadt,staedtische
stand,staende
stand,staendische
stamm,stamm
stamm mutter,stammmutter
stand,stande
stand,standt
status,statuum
stand,stendt
steuer,steuer
steuer sache,steuersache
strix,strix
stunde,stunde
sturm,sturm
stände,stände
Stand,ständt
stättigkeit,stättigkeit
subcisiuarum,subcisiuarum
subditus,subditorum
subseciuorum,subseciuorum
substitut,substitut
suecicis,suecicis
sueus,sueo
sueogothici,sueogothici
suetonis,suetonis
sueuiae,sueuiae
sueuici,sueuici
summaria,summaria
summaria,summariis
summarisch,summarischer
summa,summorúm
supplement,supplement
sur,sur
summa,suummae
sylloge,sylloge
silvio,syluii
symbolus,symboli
symbolus,symbolicae
symphoremata,symphorematii
symphoremata,symphorematis
synedriis,synedriis
synopsis,synopses
synopsis,synopsis
syntagma,syntagma
syriacus,syriacus
sachsisch,sächsische
samtlich,sämptliche
tabaci,tabaci
tactica,tactica
tag,tags
tartaricus,tartarico
testament,testaments
teutonicus,teutonici
teutonicus,teutonico
deutsch,teutsch
deutsch,teutsche
deutsch,teutscher
deutsch,teutsches
Deutschland,teutschland
textus,textui
thaler,thaler
thalia,thalia
thanatologia,thanatologia
tat,thate
thesaurus,theasurus
theater,theater
Teil,theil
Teil,theile
theologia,theologiae
theologia,theologici
theologia,theologicorum
theologia,theologicorum
theologia,theologicum
theologia,theologicum
theoria,theoretico
theoria,theoretische
theoria,theoria
theoria,theoria
theoria,theoria
theoria,theorica
theoria,theorico
Teil,theyl
Tolosa,tholosanae
Tolosa,tholosani
Tolosa,tholose
Thoma,thoma
Thoma,thomae
thuanus,thuanus
thucydides,thucydidis
thuringia,thuringiae
thuringia,thüringische
tiraquelli,tiraquelli
titulus,tit
titul,titul
tod,todt
toledo,toledo
toletani,toletani
tombeau,tombeau
tomus,tomi
topographia,topographia
torah,torah
touchant,touchant
tous,tous
traite,traite
traittez,traittez
transmissorum,transmissorum
transubstantatio,transubstantationis
treuirensium,treuirensium
tridentinus,tridentini
tripartus,triparta
tripartus,tripartitum
tripertita,tripertita
turcus,turcarum
turcus,turcica
tu¨binge,tu¨binge
tyronis,tyronibus
täglich,täglicher
turcus,türcke
turcus,türke
ua,ua
varius,uaiorum
ualasci,ualasci
varius,uarior
überbleiben,uberbliebene
über,ueber
ueberhaupt,ueberhaupt
uebrig,uebrige
uenatorioforestalis,uenatorioforestalis
uenetae,uenetae
uenetae,uenetorum
verbum,uerb
uerbal,uerbal
uerbessert,uerbesserter
uerdeutscht,uerdeutscht
uerfassung,uerfassung
uerflossene,uerflossene
uergleich,uergleiche
ueritas,uerite
uermoegens,uermoegens
ueronense,ueronense
Verordnung,uerordnunge
uerständniß,uerständniß
uersuch,uersuch
uertiginosus,uertiginosus
uerwaltung,uerwaltung
uerwerd,uerwerd
ueters,ueters
Aufstand,uffstand
uicarius,uicarie
uierdte,uierdte
uigelii,uigelii
uii,uii
uindicates,uindicates
vienna,uindobonensis
uiridarium,uiridarium
uisitatio,uisitationum
uismariense,uismariense
uitriarii,uitriarii
umbria,umbriae
uncatholisch,uncatholische
uncialaeum,uncialaeum
und,und
untergericht,undergerichts
untergerichtsordnung,undergerichtsordnung
une,une
unfug,unfugs
ungebunden,ungebunde
ungewißheit,ungewißheit
uniuersal,uniuersal
uniuersal,uniuersalibus
uniuersal register,uniuersalregister
uniuerselle,uniuerselle
universitas,uniuersitatum
universitas,uniuersita¨te
uniuersität,uniuersität
unmittelbar,unmittelbare
und,unnd
unparteyisch,unparteyische
untergerichtsordnung,untergerichtsordnung
unterhaltung,unterhaltung
unterredung,unterredung
unterricht,unterricht
unterricht,unterricht
untertane,untertane
untertane,unterthane
untterrichtung,untterrichtung
unuorgreifliches,unuorgreifliches
una,unà
uocabularius,uocabularium
uocabularius,uocabularius
uolaterrani,uolaterrani
uölker,uolker
uölker recht,uolkerrechts
vollkommen,uolkommene
vollkommen,uollkomme
vollkommen,uollkommene
vollkommen,uollkommenes
vollständig,uollstaendige
vollständig,uollständige
vollständig,uollständiger
uolumen,uolume
uorraths,uorraths
uorrechte,uorrechte
uorstelle,uorstelle
vorzuglich,uorzüglich
uölker recht,uo¨lckerrecht
urpsrung,urpsrung
ursache,ursache
ursprung,ursprung
ursprung,ursprunge
Urteil,urthail
Urteil,urtheil
usufructus,usufructu
usuuenientia,usuuenientia
wachsthum,wachsthum
wahl,wahl
wahre,wahre
waldschmid,waldschmids
walkenredense,walkenredense
wappenbuch,wappenbuch
warzburg,warzburg
wassers,wassers
wechsel,wechsel
wechselordnunge,wechselordnunge
wechselschrift,wechselschrifft
weekely,weekely
weitberühmt,weitberühmte
weltich,weltiche
weltlicher,weltlicher
werra,werra
wertheim,wertheim
westmonasteriensem,westmonasteriensem
Westphalia,westphale
Westphalia,westphalicae
Westphalia,westphälische
Wetzlar,wetzflar
Wetzlar,wetzlariense
Wetzlar,wetzlarische
wichtig,wichtige
wichtig,wichtigste
wiclef,wiclef
wiclef,wiclefianisme
wider,wider
widerlegung,widerlegung
wiederlegung,wiederlegung
Wiesbaden,wiesbade
wild,wild
wild bann,wildbanns
wilhelmus,wilhelmi
windeike,windeike
wirtembergensis,wirtembergensis
wirtembergensis,wirtenbergica
wirtembergensis,wirtenbergico
witikindus,witikindi
wolmeinend,wolmeinendes
wori,wori
worin,worin
worms,wormbs
wucherlich,wucherliche
wöchentlich,wöchentliche
würtzburg,würtzburg
wütend,wütende
xii,xii
xiii,xiii
xiu,xiu
xxui,xxui
zeit,zeite
zubegriff,zubegriff
zubrodt,zubrodt
zugefalle,zugefalle
zusatz,zusaetze
zusammenrottirung,zusammenrottirung
zwantzig,zwantzig
zwei,zwee
zwei,zwey
zwei,zweye
acht,ächte
ärgerlich,ärgerliche
üblich,übliche
